{"cameraMode":{"drawMode":0,"name":"Shaded","section":"Shading Mode"},"sceneLighting":false,"audioPlay":false,"sceneViewState":{"m_AlwaysRefresh":false,"showFog":true,"showSkybox":false,"showFlares":true,"showImageEffects":true,"showParticleSystems":true,"showVisualEffectGraphs":true,"m_FxEnabled":true},"in2DMode":false,"pivot":{"x":-2.450000047683716,"y":2.8441431522369386,"z":-1.6440315246582032},"rotation":{"x":-0.1399061530828476,"y":0.09342296421527863,"z":0.01326043251901865,"w":0.9856581687927246},"size":0.32794779539108279,"orthographic":true}